{"cameraMode":{"drawMode":0,"name":"Shaded","section":"Shading Mode"},"sceneLighting":false,"audioPlay":false,"sceneViewState":{"showFog":true,"showMaterialUpdate":false,"showSkybox":false,"showFlares":true,"showImageEffects":true,"showParticleSystems":true},"in2DMode":false,"pivot":{"x":631.9148559570313,"y":1174.927734375,"z":-233.89260864257813},"rotation":{"x":-0.322917640209198,"y":-0.0036934209056198599,"z":0.0012584313517436386,"w":-0.9464287757873535},"size":0.24505022168159486,"orthographic":false}