{"cameraMode":{"drawMode":0,"name":"Shaded","section":"Shading Mode"},"sceneLighting":true,"audioPlay":false,"sceneViewState":{"showFog":true,"showMaterialUpdate":false,"showSkybox":true,"showFlares":true,"showImageEffects":true,"showParticleSystems":true},"in2DMode":false,"pivot":{"x":10000.0,"y":0.17320600152015687,"z":-0.004356980323791504},"rotation":{"x":-0.322917640209198,"y":-0.0036934209056198599,"z":0.0012584313517436386,"w":-0.9464287757873535},"size":1.1583583354949952,"orthographic":false}